"","x"
"1","ZGC:174153"
"2","ZGC:174855"
"3","CTSLB"
"4","KRT4"
"5","HE1A"
"6","KRT18"
"7","ZGC:193505"
"8","KRT5"
"9","CLDNE"
"10","LYE"
"11","NANOS3"
"12","KRT8"
"13","HE1B"
"14","KRT97"
"15","KRT92"
"16","MID1IP1A"
"17","SI:DKEY-26G8.5"
"18","KRT23"
"19","DND1"
"20","SI:CH211-125O16.4"
"21","KRT17"
"22","ACTA1A"
"23","PONZR5"
"24","SI:DKEY-269I1.3"
"25","CLDND"
"26","APLNR2"
"27","CYT1"
"28","LMO2"
"29","H1M"
"30","AGR1"
"31","EPPK1"
"32","MYL10"
"33","CA15B"
"34","CABZ01073832.1"
"35","PFN1"
"36","SI:DKEY-152P16.6"
"37","ACP5A"
"38","FRZB"
"39","ENG2B"
"40","SI:DKEY-269I1.4"
"41","CALR3B"
"42","SI:DKEY-239J18.2"
"43","ETV2"
"44","SI:CH73-347E22.8"
"45","TWIST2"
"46","SOX32"
"47","CYT1L"
"48","ALOX5B.3"
"49","STARD14"
"50","ANXA1C"
"51","ICN"
"52","KRT96"
"53","ZGC:101000"
"54","PPL"
"55","TAGLN2"
"56","CEBPB"
"57","FZD8B"
"58","HSD17B12A"
"59","HSD17B14"
"60","TFA"
"61","CAPN9"
"62","DDX4"
"63","PMP22B"
"64","EVPLA"
"65","UOX"
"66","SI:DKEY-87O1.2"
"67","ZNF185"
"68","MGLL"
"69","CCNA1"
"70","CYP26B1"
"71","SI:DKEY-239J18.3"
"72","MSGN1"
"73","NQO1"
"74","GSC"
"75","CLDNG"
"76","SI:CH211-153B23.5"
"77","ZGC:113886"
"78","EMILIN3A"
"79","NANOG"
"80","SI:CH211-157C3.4"
"81","RX3"
"82","SI:CH211-217K17.9"
"83","MESPBA"
"84","RIPPLY2"
"85","GRHL3"
"86","FTR83"
"87","FSTA"
"88","PLEKHF1"
"89","MAP1LC3C"
"90","CLDNB"
"91","ELOVL7B"
"92","SI:DKEYP-67A8.4"
"93","TAL1"
"94","ZGC:113424"
"95","HAND2"
"96","INSB"
"97","ZGC:158852"
"98","NEUROD1"
"99","TDRD7A"
"100","NEXN"
"101","ATOH1B"
"102","RRBP1B"
"103","ARL13A"
"104","DBX1A"
"105","CTH1"
"106","SI:CH211-132B12.8"
"107","SPI1B"
"108","DRGX"
"109","ACTC1B"
"110","NTD5"
"111","MIXL1"
"112","GFI1AA"
"113","ANXA1B"
"114","MID1IP1L"
"115","ZGC:153911"
"116","ZGC:194839"
"117","RIPPLY1"
"118","TPMA"
"119","CLDNH"
"120","NKX2.4B"
"121","LFT2"
"122","NPC2"
"123","HNF1BB"
"124","ZGC:110333"
"125","STYK1"
"126","MESPBB"
"127","TUBA8L3"
"128","EVPL"
"129","MYOD1"
"130","CLDNI"
"131","HBAE3"
"132","OLIG3"
"133","NEFMB"
"134","SULT6B1"
"135","MEOX1"
"136","SI:CH211-195B11.3"
"137","SST1.2"
"138","TWIST1A"
"139","EGR2B"
"140","GBGT1L4"
"141","XBP1"
"142","B3GNT5A"
"143","PHO"
"144","TRAM1"
"145","ATOH1C"
"146","APOC1"
"147","NOTO"
"148","CCNB2"
"149","GUCA2B"
"150","FUT9B"
"151","CTSS2.1"
"152","FQ311892.1"
"153","SI:DKEY-163F14.5"
"154","BTG4"
"155","NOG1"
"156","TA"
"157","GCM2"
"158","SI:CH211-113A14.18"
"159","RBPMS2B"
"160","ENG2A"
"161","ZGC:174938"
"162","SI:CH211-105C13.3"
"163","MKRN4"
"164","ZGC:123295"
"165","ZGC:77118"
"166","SMYHC1"
"167","ELOVL1A"
"168","CLDNA"
"169","COL2A1A"
"170","THY1"
"171","PNOCB"
"172","SLC16A3"
"173","RAB25A"
"174","SLC2A12"
"175","HELT"
"176","ADMP"
"177","NKX3-1"
"178","MYT1A"
"179","LAMP2"
"180","ZGC:86709"
"181","FOXI3A"
"182","TNNI2B.1"
"183","CH25HL1.1"
"184","ELAVL3"
"185","DLX3B"
"186","MYF5"
"187","SZL"
"188","CHD"
"189","CYP26C1"
"190","ANXA2A"
"191","EFEMP2A"
"192","PKP3A"
"193","CXCL12A"
"194","OLIG4"
"195","SOX17"
"196","VED"
"197","CDX4"
"198","STX11B.1"
"199","PABPN1L"
"200","SI:DKEY-68O6.5"
"201","SID1"
"202","SI:CH211-239D6.2"
"203","HESX1"
"204","HER3"
"205","TBX16"
"206","GMNN"
"207","FTR82"
"208","ACTA1B"
"209","SI:CH1073-340I21.3"
"210","FKBP11"
"211","NKX1.2LA"
"212","SI:DKEY-33I11.4"
"213","SI:DKEY-108K21.10"
"214","MGST1.2"
"215","RDH10A"
"216","FOXA2"
"217","CYBA"
"218","SI:CH211-269I23.2"
"219","NKX2.9"
"220","ZGC:123068"
"221","CAPSLA"
"222","ICN2"
"223","SOX7"
"224","CRYGM3"
"225","GTF2A1"
"226","FABP7B"
"227","GATA1A"
"228","MAL2"
"229","RASSF7B"
"230","MKNK2A"
"231","CD63"
"232","UCHL1"
"233","ACER1"
"234","CXCL12B"
"235","HSP90AA1.1"
"236","KLF17"
"237","PRDM8"
"238","FAM46C"
"239","PHOX2BB"
"240","ALPI.1"
"241","GSX1"
"242","DLB"
"243","MT2"
"244","DKK1B"
"245","MAFBA"
"246","COL8A1A"
"247","EPCAM"
"248","TNKS1BP1"
"249","PITX2"
"250","WEE2"
"251","ZGC:194679"
"252","SHHA"
"253","GMDS"
"254","VGLL3"
"255","ZGC:110425"
"256","GRA"
"257","FOXD3"
"258","ZGC:113442"
"259","GATA3"
"260","TBX6"
"261","ALDH1A2"
"262","PNX"
"263","APOA1B"
"264","SERPINB14"
"265","ZGC:173742"
"266","SLC25A25A"
"267","RCN3"
"268","GCGA"
"269","MEF2D"
"270","LSM14B"
"271","GNA14"
"272","SI:CH211-113A14.12"
"273","CDH6"
"274","TP63"
"275","HSP90AA1.2"
"276","GTF3AB"
"277","SVOPL"
"278","SCRT2"
"279","WU:FB18F06"
"280","ZGC:162964"
"281","CCNB1"
"282","ACY3.2"
"283","ABCB5"
"284","FABP2"
"285","SI:CH211-156L18.7"
"286","HOXB1B"
"287","FO904944.1"
"288","GSTP1"
"289","MYT1B"
"290","SI:CH1073-80I24.3"
"291","SI:CH211-145C1.1"
"292","TCF15"
"293","NKX2.7"
"294","CDH11"
"295","ZGC:158868"
"296","RRM2"
"297","TNNT2C"
"298","ZGC:153405"
"299","DHARMA"
"300","CTSBA"
"301","GDF3"
"302","SI:DKEY-261M9.12"
"303","BLF"
"304","ID3"
"305","RBP7B"
"306","RABGAP1L2"
"307","SERPINH1B"
"308","HFE2"
"309","GADD45BB"
"310","NKX2.2B"
"311","DHRS3B"
"312","P4HA1B"
"313","PAX4"
"314","APOEB"
"315","AFP4"
"316","SIX3B"
"317","HER2"
"318","NASP"
"319","TRIM35-29"
"320","IRX7"
"321","MYOG"
"322","NMRK2"
"323","NEUROG1"
"324","P2RX3A"
"325","DNAJC1"
"326","PLCD1A"
"327","CD44A"
"328","EVE1"
"329","RIMS2B"
"330","MAB21L2"
"331","FUCA1.1"
"332","FOXI1"
"333","DUOXA2"
"334","OC90"
"335","EDNRAA"
"336","ZGC:174935"
"337","ANKRD12"
"338","CST3"
"339","CYP2X6"
"340","NNR"
"341","PRDX5"
"342","LSP1"
"343","FOXA"
"344","BIK"
"345","SI:CH211-156J16.1"
"346","MGP"
"347","HSPA5"
"348","CYGB1"
"349","TXLNBA"
"350","MARCKSL1B"
"351","FSTL1A"
"352","PAX2A"
"353","UNC45B"
"354","FBXL22"
"355","ANGPTL5"
"356","OVOL1"
"357","FOXG1A"
"358","NEUROD4"
"359","OLIG2"
"360","BUC"
"361","STM"
"362","NOG2"
"363","FA2H"
"364","DSC2L"
"365","SI:CH211-202H22.8"
"366","S100V1"
"367","RBM7"
"368","SI:CH211-270G19.5"
"369","EFEMP2B"
"370","HER5"
"371","SOUL2"
"372","PITX3"
"373","RGS2"
"374","RBM38"
"375","TMEM57A"
"376","ZGC:194210"
"377","SI:CH211-193L2.7"
"378","SOX21A"
"379","CYP1A"
"380","MESPAB"
"381","SI:CH211-173M16.2"
"382","MBOAT1"
"383","HYOU1"
"384","GCNT7"
"385","CNFN"
"386","SHHB"
"387","TBX20"
"388","PKP1B"
"389","TMEM154"
"390","SOX10"
"391","NKX2.4A"
"392","FEZF2"
"393","CFD"
"394","SI:RP71-45K5.2"
"395","APOBEC2A"
"396","ZGC:77112"
"397","CD9B"
"398","SI:CH73-31D8.2"
"399","PLOD1A"
"400","ZGC:55413"
"401","NEURL1AB"
"402","PFN2"
"403","F11R.1"
"404","PPP1R14C"
"405","IM:7138239"
"406","HES6"
"407","MESPAA"
"408","SI:CH211-260E23.8"
"409","ZGC:162969"
"410","SIVA1"
"411","SI:CH211-232I5.1"
"412","GPM6AB"
"413","VGLL4L"
"414","MDKA"
"415","FAM212AA"
"416","TMEM88A"
"417","GATA6"
"418","PAX6A"
"419","SI:DKEY-261H17.1"
"420","SI:CH1073-190K2.1"
"421","CABZ01046954.1"
"422","LFT1"
"423","ANGPTL7"
"424","DBNLA"
"425","TMEM120A"
"426","RGS14A"
"427","TOB1A"
"428","SI:CH211-147A11.3"
"429","RNFT2"
"430","SP5L"
"431","ELOVL6"
"432","NKX2.1"
"433","INHBAA"
"434","ASB11"
"435","GLULB"
"436","MSX1B"
"437","TTNA"
"438","DSPA"
"439","GYG1A"
"440","SI:DKEY-17E16.17"
"441","MGST2"
"442","AVD"
"443","CDCA7A"
"444","OTPB"
"445","FBXO32"
"446","SI:DKEY-207J16.5"
"447","SI:CH73-78O10.1"
"448","B3GNT7L"
"449","STK35L"
"450","DEGS2"
"451","CCNA2"
"452","KALRNB"
"453","ACTC1A"
"454","LARP7"
"455","DESMA"
"456","CYP2AA8"
"457","AGR2"
"458","ZWI"
"459","GATA5"
"460","AL935065.2"
"461","CXCR4B"
"462","LOXL5B"
"463","FOSAB"
"464","SINUP"
"465","CTSLA"
"466","HBBE1.2"
"467","SESN1"
"468","ALDOB"
"469","HER7"
"470","PRDM1A"
"471","EMILIN3"
"472","NOXO1A"
"473","PCDH8"
"474","GADD45AA"
"475","SI:CH211-152C2.3"
"476","LPCAT4"
"477","ASCL1A"
"478","RCOR1"
"479","SKA2"
"480","TTNB"
"481","TATDN2"
"482","FBXO2"
"483","MDKB"
"484","SI:CH211-172L8.4"
"485","SI:DKEY-208K4.2"
"486","H1F0"
"487","FOXL2"
"488","SLBP2"
"489","DCTPP1"
"490","SI:DKEY-16L2.20"
"491","TGM1L4"
"492","CRYGMX"
"493","SI:CH211-132D3.4"
"494","OSR1"
"495","ID4"
"496","TRIM109"
"497","TWIST1B"
"498","SLC3A2B"
"499","FGF8A"
"500","SI:CH73-234B20.5"
"501","PRRG2"
"502","DMRT2A"
"503","DLX5A"
"504","ZFAND5B"
"505","APLNRA"
"506","MIA"
"507","PTTG1"
"508","ITGB1BP2"
"509","SI:CH211-113A14.24"
"510","SI:DKEY-256H2.1"
"511","DUSP2"
"512","SI:DKEY-261J4.5"
"513","OSBPL7"
"514","ZGC:195170"
"515","MCM3L"
"516","ZGC:162879"
"517","RNF183"
"518","CLIC3"
"519","SNX10A"
"520","POU5F3"
"521","PTGDSB"
"522","CXCR4A"
"523","SAMD7"
"524","EMX3"
"525","DBX2"
"526","ALCAMA"
"527","SI:CH73-204P21.2"
"528","FSCN1A"
"529","COX6A2"
"530","SI:CH211-163L21.8"
"531","CRABP2A"
"532","PAPD5"
"533","GNA15.1"
"534","PAX6B"
"535","FERMT1"
"536","GRAMD1C"
"537","IGFBP1A"
"538","GPATCH4"
"539","ELL"
"540","TUBA8L2"
"541","SLMAPB"
"542","PLPP2B"
"543","AKTIP"
"544","CDKN1CA"
"545","SIX7"
"546","ALDH3B1"
"547","MAPRE1A"
"548","SI:CH211-5K11.12"
"549","HPGD"
"550","HSP70.3"
"551","ANO9"
"552","SOX3"
"553","SI:DKEY-228B2.6"
"554","OCLNA"
"555","CITED4B"
"556","ISM1"
"557","RCC1"
"558","FBXO5"
"559","TFAP2A"
"560","VAMP8"
"561","MYL13"
"562","FDX1"
"563","NKX2.5"
"564","APOA1A"
"565","PTTG1IPB"
"566","GADD45BA"
"567","DLA"
"568","ASPH"
"569","ZGC:158291"
"570","NPY"
"571","MYH9A"
"572","AKAP12B"
"573","TLX2"
"574","CYP27C1"
"575","MAPKAPK3"
"576","RXRAA"
"577","AP1S3B"
"578","HER1"
"579","IRX1B"
"580","NEB"
"581","USP28"
"582","LCP1"
"583","KPNA7"
"584","ATP2B1A"
"585","SDPRB"
"586","PVALB2"
"587","BMP15"
"588","CLDN7B"
"589","WNT11"
"590","CSRP2"
"591","PRDM12B"
"592","FUT9D"
"593","TMEM173"
"594","ATP1B1B"
"595","NMT1B"
"596","ZGC:56231"
"597","HOXB7A"
"598","AFAP1L2"
"599","MUSK"
"600","HHLA2B.2"
"601","SI:DKEY-12L12.1"
"602","CALM1A"
"603","CASP8AP2"
"604","POLR3GLA"
"605","PITPNC1"
"606","CHGA"
"607","HABP4"
"608","ALDOAB"
"609","TTC13"
"610","H1FX"
"611","PLECA"
"612","FAM117AB"
"613","SI:CH211-134A4.5"
"614","FXYD1"
"615","HER9"
"616","AIM1B"
"617","HOXB6B"
"618","GBX2"
"619","P4HA2"
"620","SI:DKEY-11C5.14"
"621","FOXA1"
"622","ELOVL7A"
"623","HISTH1L"
"624","AKIP1"
"625","SI:CH211-59O9.9"
"626","ZGC:100868"
"627","TNFAIP8L2B"
"628","SI:CH211-152F23.5"
"629","RBM24A"
"630","PAX8"
"631","WNT8A"
"632","EXD2"
"633","WU:FJ16A03"
"634","PLOD2"
"635","TEKT1"
"636","FADD"
"637","CCDC50"
"638","TDGF1"
"639","SNRPD3"
"640","HOXC3A"
"641","SI:CH211-213D14.2"
"642","BX569789.3"
"643","PABPC1L"
"644","CTGFA"
"645","BARHL2"
"646","ADIPOR2"
"647","LRRC17"
"648","BHLHA15"
"649","FABP1B.1"
"650","SI:CH73-28H20.1"
"651","PCK2"
"652","MYB"
"653","SMARCA2"
"654","TBX6L"
"655","SULT2ST1"
"656","GABRA1"
"657","S100U"
"658","SI:DKEY-193P11.2"
"659","CHMP4C"
"660","RBFOX1L"
"661","CSF1A"
"662","SI:DKEY-221J11.3"
"663","FOXD1"
"664","UNCX"
"665","CHMP2BB"
"666","BAG4"
"667","IRX3A"
"668","GATA2A"
"669","HN1B"
"670","CCDC173"
"671","TXN"
"672","SEBOX"
"673","CPN1"
"674","CYP26A1"
"675","ARL4AA"
"676","PAK1"
"677","FGF3"
"678","SI:CH211-69B7.6"
"679","SI:DKEY-184P9.7"
"680","ZFP36"
"681","FOXI3B"
"682","NFKBIAA"
"683","SI:DKEY-13I19.8"
"684","SI:CH211-147D7.5"
"685","FOXC1A"
"686","ISL1"
"687","H3F3A"
"688","FBP1B"
"689","ATP1B3B"
"690","SFRP1A"
"691","FOXJ1A"
"692","APOPT1"
"693","HER13"
"694","RAB32A"
"695","ZGC:91849"
"696","MXTX2"
"697","CEBPA"
"698","KLHL20"
"699","APOA2"
"700","SI:CH211-163L21.7"
"701","DMBX1A"
"702","SYCP1"
"703","TBP"
"704","SI:CH211-11K18.4"
"705","CT030712.1"
"706","HOXD9A"
"707","VOX"
"708","SHISA2"
"709","LBX1A"
"710","BAIAP2L1A"
"711","SI:CH73-173M3.3"
"712","SI:CH73-303B9.1"
"713","CFL1L"
"714","SI:DKEY-204F11.64"
"715","RIBC1"
"716","NPPB"
"717","ZGC:195245"
"718","AQP3A"
"719","GOLGA1"
"720","SLC6A7"
"721","THOC2"
"722","EMILIN1A"
"723","PRSS60.1"
"724","LBX1B"
"725","SI:DKEY-176G1.6"
"726","SERPINB1L4"
"727","DTNBP1A"
"728","SNAI1A"
"729","DYNLL1"
"730","NKX6.2"
"731","FOXD5"
"732","WIPF3"
"733","MKRN1"
"734","PTGS2A"
"735","CABZ01059415.2"
"736","LMO4A"
"737","HSPB1"
"738","SI:CH73-304F21.2"
"739","ST8SIA7.1"
"740","HMX4"
"741","SI:CH211-198C19.3"
"742","ZAR1L"
"743","SUB1B"
"744","BAMBIA"
"745","FBXO45"
"746","ZGC:153284"
"747","SP8A"
"748","GAPDH"
"749","SI:DKEYP-100A1.6"
"750","CFAP45"
"751","SI:DKEY-108K21.21"
"752","ORG"
"753","LMAN1"
"754","LRRC59"
"755","CR735126.1"
"756","SI:CH211-250M6.8"
"757","ORC6"
"758","GRIN2DA"
"759","ITPK1A"
"760","GPX3"
"761","LHX1A"
"762","CLDNC"
"763","ALX1"
"764","PVRL3B"
"765","ZGC:136892"
"766","CCNE1"
"767","LBX2"
"768","SI:CH211-67E16.11"
"769","SH3YL1"
"770","ABHD10B"
"771","SI:DKEYP-114G9.1"
"772","AIF1L"
"773","MOB1BB"
"774","CYP24A1"
"775","CLU"
"776","VSX2"
"777","NKX6.1"
"778","FAM46BA"
"779","PODXL2"
"780","HAPLN1A"
"781","SI:CH211-133N4.4"
"782","CDC42EP3"
"783","HER6"
"784","ZGC:114041"
"785","KRT1-C5"
"786","BTG3"
"787","APOC2"
"788","AFF3"
"789","DYNC1LI1"
"790","SGUT1"
"791","SI:CH211-79K12.1"
"792","HOXA3A"
"793","SCAMP2L"
"794","DLEU7"
"795","PKIB"
"796","CYP11A1"
"797","BICC2"
"798","SI:CH73-119O17.1"
"799","ELL2"
"800","TMEM30B"
"801","APODB"
"802","BX927282.1"
"803","FOPNL"
"804","SOX4A"
"805","RX2"
"806","SI:RP71-77L1.1"
"807","PIK3R3B"
"808","SI:DKEY-43P13.5"
"809","SI:CH211-243G18.2"
"810","OCLNB"
"811","NOCTA"
"812","DBX1B"
"813","BOKB"
"814","PCDH1G30"
"815","FHL1A"
"816","WNT16"
"817","SI:CH211-199G17.2"
"818","ZGC:101744"
"819","FAM129AA"
"820","GRK5"
"821","FGF4"
"822","CBX8B"
"823","COL11A1A"
"824","ADIPOR1B"
"825","TSC1A"
"826","COL9A2"
"827","LHX2B"
"828","SI:CH211-137A8.2"
"829","POU4F1"
"830","CRABP2B"
"831","RBP5"
"832","KLHL18"
"833","CEBPD"
"834","SI:DKEY-54H16.1"
"835","GRHL1"
"836","ZNF326"
"837","SI:DKEY-73P2.3"
"838","TTC31"
"839","FAM129BB"
"840","SI:DKEY-205H13.2"
"841","LECT1"
"842","RASL11B"
"843","CKAP4"
"844","SI:DKEY-33C14.3"
"845","DUSP5"
"846","RDH8A"
"847","EDNRAB"
"848","FN1B"
"849","DLC"
"850","ZGC:111868"
"851","POU3F3B"
"852","RNF128A"
"853","ITSN2B"
"854","SI:DKEY-238C7.12"
"855","OTX2"
"856","DLL4"
"857","MLLT1B"
"858","SI:DKEYP-117H8.2"
"859","GDF6B"
"860","VWF"
"861","CLDNF"
"862","HBBE1.1"
"863","TLX3B"
"864","SEC61B"
"865","MEIS3"
"866","MICALL2B"
"867","HBBE3"
"868","PLIN5"
"869","HIP1RB"
"870","KLF2A"
"871","CTSLL"
"872","SSR2"
"873","KRT94"
"874","TNNC2"
"875","PLTP"
"876","CABP5A"
"877","CKBB"
"878","ATOH1A"
"879","HMGB3B"
"880","ARX"
"881","MID1IP1B"
"882","EGFL7"
"883","BSX"
"884","PCOLCEA"
"885","SI:DKEY-11F4.16"
"886","SI:DKEY-222F2.1"
"887","RTKN2A"
"888","SIX1B"
"889","TBX1"
"890","ARXA"
"891","ARFIP1"
"892","NES"
"893","IGF2B"
"894","CFAP73"
"895","NKX2.3"
"896","FEZF1"
"897","FMNL1A"
"898","CDH1"
"899","SOX19B"
"900","XKR9"
"901","BHMT"
"902","ZGC:66432"
"903","WASLB"
"904","ATP5G1"
"905","CNP"
"906","LOXHD1B"
"907","ZGC:92380"
"908","APLNRB"
"909","ZGC:113333"
"910","PLP2"
"911","CRB3B"
"912","STMN1B"
"913","GSX2"
"914","NPB"
"915","CDC34A"
"916","FOXE3"
"917","PHACTR2"
"918","LNX1"
"919","PDGFBB"
"920","SFMBT2"
"921","DDIT4"
"922","HOXD4A"
"923","FHDC3"
"924","HES2.2"
"925","MYLKB"
"926","FAM113"
"927","KNCN"
"928","S100A1"
"929","SFRP2"
"930","SI:CH211-101L18.8"
"931","FILIP1B"
"932","HBEGFA"
"933","PPP1R2"
"934","DAAM1A"
"935","ZGC:64022"
"936","ME3"
"937","MATN3B"
"938","GBX1"
"939","ZGC:194627"
"940","TMEM192"
"941","MOS"
"942","HNRNPA0B"
"943","GOLGA4"
"944","PLK2B"
"945","AIM1L"
"946","CNN2"
"947","ARHGAP30"
"948","TUBA1A"
"949","CHIA.4"
"950","IDH1"
"951","RGCC"
"952","LHX9"
"953","HER4.1"
"954","ZGC:92313"
"955","SI:CH211-220P4.1"
"956","INSM1A"
"957","PVALB9"
"958","PHOX2A"
"959","GCNT4A"
"960","SEC61G"
"961","ARPP21"
"962","TMEM131"
"963","CCL25B"
"964","MANF"
"965","VIM"
"966","SI:CH211-57B15.1"
"967","CNPY1"
"968","B4GALNT3B"
"969","SI:CH211-202F5.3"
"970","SI:CH211-166A6.5"
"971","OLFML2A"
"972","HEY1"
"973","UCK2A"
"974","UNCX4.1"
"975","COL5A3A"
"976","MCTP2B"
"977","KRT91"
"978","EZRB"
"979","MSX3"
"980","YWHAQA"
"981","SI:CH211-197G15.7"
"982","ZGC:66483"
"983","SPINT2"
"984","EGR4"
"985","CRYBA2B"
"986","PLCD1B"
"987","CEP131"
"988","SI:CH1073-406L10.2"
"989","FOXA3"
"990","JAM2B"
"991","HOXA9B"
"992","RAB11FIP1B"
"993","STMN2A"
"994","ZGC:153073"
"995","F2RL1.1"
"996","CTSZ"
"997","LRMP"
"998","TPX2"
"999","CDK8"
"1000","ANKRD22"
"1001","BTR02"
"1002","PVALB8"
"1003","KCTD15A"
"1004","SI:CH211-203C7.2"
"1005","SI:DKEY-206F10.5"
"1006","KLF6A"
"1007","SI:CH211-237L4.6"
"1008","BZW1B"
"1009","SIX4A"
"1010","SI:DKEY-19B23.12"
"1011","OTX1B"
"1012","ZGC:193711"
"1013","LMNL3"
"1014","GADD45GB.1"
"1015","SOD1"
"1016","ARL4AB"
"1017","DNAH10"
"1018","ZCCHC24"
"1019","CCDC117"
"1020","FAF2"
"1021","SI:DKEY-261M9.17"
"1022","EIF4EBP3L"
"1023","FOXO1A"
"1024","WNT7BA"
"1025","PAX3A"
"1026","SI:DKEYP-34C12.1"
"1027","ZBTB16A"
"1028","BTBD6A"
"1029","ADAM8A"
"1030","ZNF653"
"1031","MORN3"
"1032","SETD8B"
"1033","TBC1D10C"
"1034","SPNS3"
"1035","TNNI1C"
"1036","FOXF2A"
"1037","TPH1B"
"1038","DHRS3A"
"1039","HER11"
"1040","ATP1B1A"
"1041","BMP6"
"1042","STC1L"
"1043","MACC1"
"1044","YIPF1"
"1045","MGMT"
"1046","STK10"
"1047","SI:DKEY-108K21.14"
"1048","SI:DKEY-182M1.2"
"1049","ZNF750"
"1050","PTGS1"
"1051","SI:DKEY-211F22.5"
"1052","FGF24"
"1053","HOXB10A"
"1054","ANXA5B"
"1055","PLS3"
"1056","HOXB1A"
"1057","SI:DKEY-108K21.23"
"1058","MMP30"
"1059","ARHGAP27L"
"1060","BIRC5B"
"1061","CABZ01044297.1"
"1062","MPP7A"
"1063","RMND5B"
"1064","CLDN5A"
"1065","CSRP1A"
"1066","B2M"
"1067","P4HB"
"1068","ZC3H13"
"1069","CIARTA"
"1070","CA9"
"1071","RP2"
"1072","DLX4B"
"1073","SCINLA"
"1074","NIPAL4"
"1075","TBX2B"
"1076","PGK1"
"1077","CKAP2"
"1078","ADAMTS15A"
"1079","CCDC181"
"1080","CHP2"
"1081","SI:DKEY-30E9.6"
"1082","FAM49A"
"1083","SI:CH211-151H10.2"
"1084","SCYL3"
"1085","SLC14A2"
"1086","CACNA1FA"
"1087","PSKH2"
"1088","GDPD3A"
"1089","GRP"
"1090","YIPF5"
"1091","ITM2CB"
"1092","CDT1"
"1093","LRRC15"
"1094","MSX2B"
"1095","ZDHHC13"
"1096","ENG1B"
"1097","CAPN2B"
"1098","MKNK1"
"1099","SI:DKEY-261J4.3"
"1100","TMEM106A"
"1101","LDLRAD2"
"1102","DYNLL2A"
"1103","AFAP1L1A"
"1104","VEGFAA"
"1105","TRIP11"
"1106","MFSD4A"
"1107","UBE2G1A"
"1108","FP102169.1"
"1109","SLC43A2B"
"1110","COL9A3"
"1111","TMPRSS4A"
"1112","SI:DKEY-11O15.10"
"1113","CHMP4BA"
"1114","LAMA5"
"1115","BHLHE22"
"1116","ZGC:110340"
"1117","SOX2"
"1118","ANGPTL2A"
"1119","PALMDA"
"1120","FAM193A"
"1121","LHX4"
"1122","GSTM.1"
"1123","PBXIP1B"
"1124","RPGRA"
"1125","SI:CH211-137A8.4"
"1126","BCL2L12"
"1127","ATF3"
"1128","SEMA3B"
"1129","SST1.1"
"1130","TPM4A"
"1131","ZIC2A"
"1132","SI:DKEY-182G1.8"
"1133","MYH14"
"1134","APOBB.1"
"1135","RAB6BB"
"1136","HNF1BA"
"1137","ZGC:171775"
"1138","CNEP1R1"
"1139","DNAJB1B"
"1140","APELA"
"1141","MPZL2B"
"1142","TGFA"
"1143","VPS9D1"
"1144","TBX3A"
"1145","CLDN18"
"1146","STMN1A"
"1147","EPHB2B"
"1148","HNRNPA0L"
"1149","CGNB"
"1150","TGM5L"
"1151","APLP1"
"1152","HER15.1"
"1153","MSLNA"
"1154","TRAF3IP3"
"1155","NR2F2"
"1156","ZGC:153845"
"1157","SLC26A4"
"1158","ZGC:153952"
"1159","YPEL3"
"1160","HTRA1B"
"1161","PRDM13"
"1162","ZGC:111983"
"1163","CDC6"
"1164","SI:CH73-299H12.3"
"1165","CYSTM1"
"1166","TMED2"
"1167","ANP32E"
"1168","PHACTR3A"
"1169","SI:DKEY-88L16.5"
"1170","ELMO1"
"1171","JDP2B"
"1172","HSD20B2"
"1173","MIA3"
"1174","TNFAIP1"
"1175","LMTK3"
"1176","FAM19A5B"
"1177","ZGC:136410"
"1178","REEP2"
"1179","STC2A"
"1180","PELI3"
"1181","GALE"
"1182","TDP2B"
"1183","TNS2B"
"1184","CMTM6"
"1185","SLC30A8"
"1186","SOX1B"
"1187","ZCCHC7"
"1188","SIX1A"
"1189","ANXA1A"
"1190","EVA1BA"
"1191","SPTY2D1"
"1192","ABHD18"
"1193","MNX1"
"1194","HOXC8A"
"1195","SI:CH211-202P1.5"
"1196","PTMAA"
"1197","PIK3CD"
"1198","LOXL2A"
"1199","KAZALD2"
"1200","RHOQ"
"1201","RGS4"
"1202","SI:CH211-274P24.2"
"1203","SI:CH211-11C3.9"
"1204","PKDCCB"
"1205","BAZ1B"
"1206","PITX1"
"1207","TMEM198B"
"1208","HMGCS1"
"1209","FLI1A"
"1210","LSR"
"1211","ACKR3B"
"1212","SI:CH211-12P12.4"
"1213","STAT1B"
"1214","ZGC:55512"
"1215","NDR1"
"1216","SI:DKEY-17M8.1"
"1217","EMX2"
"1218","HOXD12A"
"1219","CCDC15"
"1220","OTX1A"
"1221","SI:CH211-260E23.9"
"1222","TGFBI"
"1223","NEFMA"
"1224","SYNPO2B"
"1225","ZGC:65851"
"1226","BMP16"
"1227","RTF1"
"1228","STK38L"
"1229","THBS3B"
"1230","CCDC151"
"1231","BMP2A"
"1232","ZGC:112980"
"1233","ELOVL6L"
"1234","EOMESA"
"1235","DAZL"
"1236","EPHA4A"
"1237","GPD1B"
"1238","CITED2"
"1239","CCDC64B"
"1240","GIG2O"
"1241","FOXB1B"
"1242","TNFB"
"1243","SI:DKEYP-46H3.8"
"1244","FMODA"
"1245","IRGM"
"1246","STX1B"
"1247","LRWD1"
"1248","ALYREF"
"1249","ZP3C"
"1250","PTPN2B"
"1251","TDRD15"
"1252","ZGC:56585"
"1253","CRYBGX"
"1254","NAV1B"
"1255","TNFAIP2B"
"1256","IRX5A"
"1257","SI:CH211-193L2.3"
"1258","S100V2"
"1259","NRN1A"
"1260","CBFA2T3"
"1261","TIFA"
"1262","MAFBB"
"1263","BTG2"
"1264","PRRG4"
"1265","RNF213B"
"1266","ARL11"
"1267","ADGRG11"
"1268","GADD45GA"
"1269","TSPAN13B"
"1270","KDF1A"
"1271","SYNCRIPL"
"1272","TMEM176L.1"
"1273","ICA1"
"1274","ARFGAP3"
"1275","TMSB4X"
"1276","EBF2"
"1277","PHLDA1"
"1278","FAM114A2"
"1279","FLRT3"
"1280","RGS5B"
"1281","ISL2B"
"1282","SI:DKEY-57A22.11"
"1283","SFRP5"
"1284","SI:CH211-195B21.5"
"1285","LGALS3L"
"1286","TRAPPC6B"
"1287","SI:CH1073-526C11.2"
"1288","SI:CH211-202H22.7"
"1289","DAW1"
"1290","AHCYL2"
"1291","CHTOPA"
"1292","RHOUB"
"1293","PLECB"
"1294","SOX19A"
"1295","SLC25A42"
"1296","ST6GALNAC1.2"
"1297","TMEM251"
"1298","CAPNS1A"
"1299","UGT8"
"1300","TAGLN3B"
"1301","TP53INP2"
"1302","BRD3A"
"1303","VSX1"
"1304","MCM6L"
"1305","DNMT3BB.1"
"1306","WNT11R"
"1307","FGF10A"
"1308","HAPLN4"
"1309","NKX3.3"
"1310","SLC25A1"
"1311","SI:CH73-215F7.1"
"1312","SOX11B"
"1313","RPAIN"
"1314","GSG1L"
"1315","TRIM25L"
"1316","ANKHA"
"1317","ERLEC1"
"1318","ACIN1B"
"1319","EVA1A"
"1320","LRRC40"
"1321","ZGC:162025"
"1322","VSIG10"
"1323","KPNA4"
"1324","IDE"
"1325","RBM26"
"1326","ZGC:153499"
"1327","DYNLL2B"
"1328","RAB5C"
"1329","ZGC:92242"
"1330","SMOC2"
"1331","MEIS2B"
"1332","SNX27A"
"1333","UACAB"
"1334","KLF5A"
"1335","DBR1"
"1336","EFNB2B"
"1337","GCSHB"
"1338","ZGC:109949"
"1339","MYOZ3A"
"1340","ALX4A"
"1341","CA6"
"1342","CLDN15A"
"1343","ENO3"
"1344","MKI67"
"1345","SPACA4L"
"1346","NPEPL1"
"1347","JUN"
"1348","DIS3L2"
"1349","CCDC65"
"1350","SI:CH211-188C18.1"
"1351","NR2E1"
"1352","PCLOA"
"1353","MARVELD3"
"1354","ZGC:123217"
"1355","ADCYAP1R1B"
"1356","HEY2"
"1357","JUNBA"
"1358","PDIA4"
"1359","RBL2"
"1360","SI:CH211-150G5.4"
"1361","XPC"
"1362","CR450793.1"
"1363","NFYAL"
"1364","TMEM144B"
"1365","HMX1"
"1366","COX17"
"1367","FOXB1A"
"1368","LIPG"
"1369","SI:CH211-86H15.1"
"1370","ZGC:171497"
"1371","PONZR2"
"1372","TTC22"
"1373","NIPA2"
"1374","CNOT8"
"1375","RGRA"
"1376","MAPKAPK2A"
"1377","IPMKB"
"1378","INSL5A"
"1379","PRDX1"
"1380","LRATA"
"1381","IQCA1L"
"1382","CACNB4B"
"1383","RECQL4"
"1384","SI:CH211-134A4.6"
"1385","ZNFL2A"
"1386","PINX1"
"1387","ADD3B"
"1388","MAP1AB"
"1389","IFIT12"
"1390","ZP3.2"
"1391","GKAP1"
"1392","CYP2K16"
"1393","ZGC:194989"
"1394","BTR12"
"1395","SDE2"
"1396","LMO1"
"1397","SI:CH211-110E21.3"
"1398","CYP1B1"
"1399","EHMT1B"
"1400","CEP250"
"1401","HER15.2"
"1402","NR5A2"
"1403","LSM12A"
"1404","TJP3"
"1405","HOXB9A"
"1406","GNG8"
"1407","SI:DKEY-247K7.2"
"1408","BRDT"
"1409","PPP1R3G"
"1410","SI:CH73-70C5.2"
"1411","PYCR1B"
"1412","IM:7147486"
"1413","RAB35B"
"1414","TBX2A"
"1415","TFAP2C"
"1416","SI:DKEY-42I9.4"
"1417","ALDH18A1"
"1418","MAP7D1A"
"1419","COL9A1B"
"1420","FAM101B"
"1421","PSTPIP2"
"1422","PSAP"
"1423","HOXB3A"
"1424","TMEM119B"
"1425","QUO"
"1426","PAX1B"
"1427","FAM49BA"
"1428","BARHL1A"
"1429","HIGD1A"
"1430","GLIPR2L"
"1431","SLC17A9B"
"1432","DNAJC3A"
"1433","PCDH10B"
"1434","NOVA2"
"1435","ANGPTL6"
"1436","SRFBP1"
"1437","UBFD1"
"1438","PROCA1"
"1439","CFAP43"
"1440","ACTB1"
"1441","LMX1BB"
"1442","B3GNT5B"
"1443","MAD1L1"
"1444","GPT2"
"1445","CDH12A"
"1446","ID2A"
"1447","HSP90B1"
"1448","SI:CH211-193L2.5"
"1449","RNF126"
"1450","CA2"
"1451","RBP4L"
"1452","GALNT6"
"1453","GABRA5"
"1454","ISL2A"
"1455","CFAP53"
"1456","SP5A"
"1457","IQCA1"
"1458","CRACR2AB"
"1459","ZGC:153675"
"1460","SI:ZFOS-44A5.1"
"1461","CU019646.2"
"1462","ESM1"
"1463","PRKACBA"
"1464","STX11B.2"
"1465","MEIS1B"
"1466","SI:DKEY-52L18.4"
"1467","CCDC106B"
"1468","NAA15B"
"1469","TNFRSF9A"
"1470","AHNAK"
"1471","SI:CH211-155M12.5"
"1472","VMHCL"
"1473","PI4K2B"
"1474","CX43.4"
"1475","FAM46BB"
"1476","PRG4B"
"1477","SCPP8"
"1478","AADACL4"
"1479","HMX3A"
"1480","FN1A"
"1481","SESN3"
"1482","KIF20BA"
"1483","GFAP"
"1484","PTGES3L"
"1485","FOXF2B"
"1486","RCAN3"
"1487","GOLIM4B"
"1488","ZDHHC6"
"1489","NID2A"
"1490","MCAMA"
"1491","PTGS2B"
"1492","IM:7152348"
"1493","GCLC"
"1494","NCEH1A"
"1495","LRRFIP1A"
"1496","SI:DKEY-226M8.9"
"1497","GID8B"
"1498","TMSB15A"
"1499","HOXD11A"
"1500","TMEM178B"
"1501","SI:DKEY-125I10.3"
"1502","GIG2N"
"1503","EBF3A"
"1504","SI:DKEY-126G1.9"
"1505","NAA40"
"1506","PRRX1A"
"1507","HOXC6B"
"1508","POU6F2"
"1509","RRAGCA"
"1510","KIRREL3L"
"1511","TRAF3IP2B"
"1512","CCDC82"
"1513","PSME3"
"1514","ARL6IP5B"
"1515","TMED1A"
"1516","NTN5"
"1517","TMPRSS15"
"1518","ZGC:110353"
"1519","ONECUTL"
"1520","FAM57BA"
"1521","CNOT4B"
"1522","ERBB3A"
"1523","SI:DKEY-235H8.1"
"1524","GRHL2B"
"1525","SI:DKEY-102C8.3"
"1526","EGLN3"
"1527","FOXJ1B"
"1528","MICALL2A"
"1529","COL1A1B"
"1530","SI:CH73-77M20.2"
"1531","CCDC186"
"1532","ACADL"
"1533","STAP2B"
"1534","GCH2"
"1535","SI:DKEY-261J4.4"
"1536","DNAAF1"
"1537","FGD4"
"1538","SPRYD3"
"1539","GM2A"
"1540","PARN"
"1541","COPZ2"
"1542","SALL4"
"1543","LNX2B"
"1544","CCDC87"
"1545","CAPN8"
"1546","CCNG1"
"1547","SI:CH211-183D5.2"
"1548","SI:CH211-262I1.3"
"1549","SI:DKEY-25E12.3"
"1550","ACSL4B"
"1551","POMCB"
"1552","TPPP3"
"1553","ID1"
"1554","SI:DKEY-24P1.6"
"1555","HOXA10B"
"1556","ZGC:113162"
"1557","AL929192.1"
"1558","ENOSF1"
"1559","DESI2"
"1560","CALR"
"1561","LRRC39"
"1562","SI:DKEY-250K15.4"
"1563","ELOVL1B"
"1564","TMSB"
"1565","ANXA4"
"1566","BRD2B"
"1567","SMIM12"
"1568","NANOS1"
"1569","THBS4B"
"1570","CDC37L1"
"1571","CT030144.1"
"1572","RND1L"
"1573","SOX9B"
"1574","CCDC9"
"1575","CTSL.1"
"1576","SLC7A5"
"1577","SPTLC3"
"1578","COX4I2"
"1579","GATSL3"
"1580","COLEC12"
"1581","ARHGDIG"
"1582","BRF1A"
"1583","CTCF"
"1584","VSTM4A"
"1585","KBTBD11"
"1586","ARIH1L"
"1587","CDCA9"
"1588","BACE2"
"1589","SLC35F6"
"1590","PDIA3"
"1591","MYLIPA"
"1592","FZD8A"
"1593","ZGC:152986"
"1594","PDAP1B"
"1595","ARHGAP20"
"1596","STX8"
"1597","PERP"
"1598","SI:DKEY-85K7.7"
"1599","ATL3"
"1600","TMEM88B"
"1601","DAXX"
"1602","SLKA"
"1603","JTB"
"1604","BX322608.1"
"1605","PTH1B"
"1606","SI:CH211-250I3.3"
"1607","MXTX1"
"1608","CD151"
"1609","CT574587.1"
"1610","SI:DKEYP-10A3.2"
"1611","RPP25L"
"1612","COL4A1"
"1613","MNX2B"
"1614","ZGC:92518"
"1615","CCSER2B"
"1616","CDIPT"
"1617","DLX2A"
"1618","PLCL2"
"1619","FTR14L"
"1620","PONZR3"
"1621","SI:CH211-120J21.2"
"1622","FJX1"
"1623","KLF2B"
"1624","OLFCG2"
"1625","PARVB"
"1626","MYRIP"
"1627","SYTL4"
"1628","LPAR1"
"1629","ZGC:163083"
"1630","CEP350"
"1631","PIAS4B"
"1632","AHCYL1"
"1633","VAX1"
"1634","THEG"
"1635","XIRP1"
"1636","TESCA"
"1637","SI:DKEY-95H12.1"
"1638","FADS6"
"1639","SVILA"
"1640","ALCAMB"
"1641","DNAJB11"
"1642","LPAR3"
"1643","TACC1"
"1644","CCND1"
"1645","SI:DKEYP-73B11.8"
"1646","SNRPC"
"1647","KHDRBS1A"
"1648","ZGC:101783"
"1649","CHAC1"
"1650","ATP2B1B"
"1651","EDN1"
"1652","CDC14B"
"1653","ST14A"
"1654","BMP2B"
"1655","SLC35C1"
"1656","SH3GL1A"
"1657","WNT7AA"
"1658","UCHL3"
"1659","HER4.3"
"1660","CABZ01117575.1"
"1661","FKBP14"
"1662","SI:CH211-222L21.1"
"1663","MAP3K7"
"1664","SI:CH73-52F24.4"
"1665","SI:DKEY-21A6.5"
"1666","FGF17"
"1667","ZGC:113425"
"1668","PAX10"
"1669","CALM2A"
"1670","ICAL1"
"1671","CALD1L2"
"1672","EMP2"
"1673","RAB11FIP4B"
"1674","ASZ1"
"1675","SLC24A4A"
"1676","ITIH2"
"1677","SKOR1B"
"1678","SOST"
"1679","UBAC1"
"1680","SEMA3FB"
"1681","FAF1"
"1682","RSPO3"
"1683","IRAK3"
"1684","TFAP2E"
"1685","SI:DKEY-9C18.3"
"1686","CDKN1CB"
"1687","MPLKIP"
"1688","NHLH2"
"1689","MCFD2"
"1690","DLD"
"1691","HOXD10A"
"1692","SST6"
"1693","ALOX12"
"1694","SI:CH211-106E7.2"
"1695","HNRNPABB"
"1696","FBLN2"
"1697","FAM212AB"
"1698","TMEM55BA"
"1699","LMO4B"
"1700","SMOX"
"1701","CTHRC1A"
"1702","EPAS1A"
"1703","PLK3"
"1704","ZC2HC1C"
"1705","CABZ01112575.1"
"1706","CABZ01076275.1"
"1707","WASF2"
"1708","TRIM16"
"1709","HER12"
"1710","EPHA7"
"1711","ZGC:101765"
"1712","PPP4R2B"
"1713","CABZ01072765.1"
"1714","GCK"
"1715","CAMSAP3"
"1716","SI:CH73-95L15.5"
"1717","BX322612.1"
"1718","TGM1"
"1719","ADCYAP1B"
"1720","P2RX1"
"1721","DLX4A"
"1722","LYPD6B"
"1723","NDNF"
"1724","RPS6KA3A"
"1725","EHMT1A"
"1726","ILDR1A"
"1727","FBXW2"
"1728","CLIP1A"
"1729","RSPO2"
"1730","EFHD1"
"1731","USP1"
"1732","SI:CH211-161H7.4"
"1733","NOX1"
"1734","SI:CH73-138N13.1"
"1735","ACSF2"
"1736","CAST"
"1737","SDR16C5A"
"1738","NUSAP1"
"1739","PRC1A"
"1740","SEC61A1L"
"1741","VSTM2L"
"1742","ZIC2B"
"1743","HOXA13B"
"1744","AATKB"
"1745","PPP1R18"
"1746","SI:DKEY-176G1.4"
"1747","FOXN1"
"1748","si:dkey-246j23.6"
"1749","SYNGR1A"
"1750","NUDT17"
"1751","CDC42SE1"
"1752","RAC1A"
"1753","ACBD5A"
"1754","SLC4A10A"
"1755","SECISBP2"
"1756","MEF2CB"
"1757","TMEM238B"
"1758","ADRA2DA"
"1759","SLC9A3R1"
"1760","PKD1B"
"1761","BX324216.1"
"1762","DDX3A"
"1763","SEMA3FA"
"1764","NDR2"
"1765","INSM1B"
"1766","AIM1A"
"1767","CDC20"
"1768","FNBP1L"
"1769","SOX1A"
"1770","ZGC:171699"
"1771","CRY1AB"
"1772","AKAP17A"
"1773","ZFAND5A"
"1774","FAM65C"
"1775","CAMK1B"
"1776","VRTN"
"1777","GABARAPA"
"1778","MS4A17A.10"
"1779","TARBP2"
"1780","JAGN1A"
"1781","RX1"
"1782","SLC37A2"
"1783","SI:DKEY-234L24.10"
"1784","ZGC:110339"
"1785","OSBPL2B"
"1786","TNRC5"
"1787","CCL19B"
"1788","GPX7"
"1789","GPHNB"
"1790","WNT5B"
"1791","FABP3"
"1792","BCL2L13"
"1793","APOL1"
"1794","PRKRIP1"
"1795","WIF1"
"1796","HAS2"
"1797","ARHGAP4A"
"1798","POU3F1"
"1799","B3GALT2"
"1800","SPARC"
"1801","SEMA5BB"
"1802","NCOR2"
"1803","PLA2G4F.1"
"1804","SCRT1A"
"1805","HNRNPA1B"
"1806","CSNK1G2A"
"1807","B3GAT2"
"1808","SI:CABZ01074946.1"
"1809","CR376787.1"
"1810","TOR1L3"
"1811","TTLL10"
"1812","NPTX1L"
"1813","BRD2A"
"1814","SSR4"
"1815","CLIC2"
"1816","NRP1A"
"1817","CU570881.1"
"1818","H2AFX"
"1819","BMI1A"
"1820","UBA5"
"1821","SI:DKEY-27I16.2"
"1822","PMP22A"
"1823","CKMA"
"1824","NR2F5"
"1825","SYT5B"
"1826","FAM174B"
"1827","HTR1D"
"1828","SNX8A"
"1829","FYNA"
"1830","CTSS2.2"
"1831","LUZP2"
"1832","URAH"
"1833","EMID1"
"1834","ATG101"
"1835","FAM169AA"
"1836","FAUB"
"1837","MHC1UBA"
"1838","ITPKB"
"1839","EFNB2A"
"1840","KDM4B"
"1841","CLEC11A"
"1842","GALNT8B.2"
"1843","VEGFBB"
"1844","ARHGAP18"
"1845","ZNF219"
"1846","RASIP1"
"1847","SI:DKEY-20J10.2"
"1848","RGS7A"
"1849","SHE"
"1850","GDF11"
"1851","PPP4R2A"
"1852","MTHFSD"
"1853","ZGC:113531"
"1854","VMP1"
"1855","INAA"
"1856","GLE1"
"1857","CABZ01064972.2"
"1858","DNAJC5GA"
"1859","NKX2.2A"
"1860","ARHGEF1B"
"1861","CCDC80L1"
"1862","DCDC2B"
"1863","SI:CH211-193L2.4"
"1864","SI:CH211-191I18.2"
"1865","HELB"
"1866","ZGC:123010"
"1867","MSI2B"
"1868","BTR01"
"1869","RYR1A"
"1870","XRCC4"
"1871","HOXB5B"
"1872","MYCLA"
"1873","YWHAZ"
"1874","RTN1B"
"1875","SI:DKEYP-98A7.9"
"1876","EBAG9"
"1877","ATPV0E2"
"1878","GOLGB1"
"1879","SIX3A"
"1880","CPEB4"
"1881","ZNF395"
"1882","SEPT9A"
"1883","SI:DKEY-76P14.2"
"1884","FGFRL1B"
"1885","SERPINE2"
"1886","ZGC:163014"
"1887","SI:DKEY-208C12.2"
"1888","CABZ01092285.1"
"1889","MTP"
"1890","NDEL1B"
"1891","ATPIF1B"
"1892","RPS6KA3B"
"1893","ZGC:114118"
"1894","CU984579.1"
"1895","KCTD12.1"
"1896","si:dkey-74n13.1"
"1897","ACKR3"
"1898","PCDH17"
"1899","SLC25A44B"
"1900","RGS5A"
"1901","SI:DKEYP-11G8.3"
"1902","CAB39L1"
"1903","GFI1AB"
"1904","SLC6A15"
"1905","SCNM1"
"1906","COQ10B"
"1907","PDXDC1"
"1908","SST3"
"1909","PTN"
"1910","PPAP2D"
"1911","APOA1BP"
"1912","SEC22BA"
"1913","MEGF10"
"1914","ATG5"
"1915","SI:DKEY-262K9.2"
"1916","CALUB"
"1917","NEK2"
"1918","SI:CH73-21G5.7"
"1919","FO904953.1"
"1920","NUCB2B"
"1921","MYH7BA"
"1922","DENND6B"
"1923","SLC4A2A"
"1924","LHFP"
"1925","MARK3A"
"1926","MYCN"
"1927","SI:DKEY-15J16.6"
"1928","CARD11"
"1929","GOLGA3"
"1930","BLVRB"
"1931","CENPF"
"1932","ZGC:158564"
"1933","MAP1B"
"1934","WU:FB59D01"
"1935","CAMK2N2"
"1936","TOB1B"
"1937","IRX1A"
"1938","RASGEF1BA"
"1939","CPLX1"
"1940","RAB44"
"1941","VTCN1"
"1942","CP"
"1943","SPARCL1"
"1944","RAB36"
"1945","JPH3"
"1946","DACT2"
"1947","KIRRELB"
"1948","SI:CH211-232I5.3"
"1949","ATP2B3B"
"1950","SI:CH211-165B19.8"
"1951","CRELD2"
"1952","CALR3A"
"1953","PAX9"
"1954","SI:CH211-214J24.10"
"1955","SLC13A4"
"1956","CORO2A"
"1957","SI:CH211-24O10.6"
"1958","PHACTR4A"
"1959","HOXC1A"
"1960","DNMT1"
"1961","XKRX"
"1962","TSPAN13A"
"1963","UBE2D2L"
"1964","TMUB1"
"1965","PLCH2A"
"1966","STX11A"
"1967","RNF185"
"1968","MYO5B"
"1969","GNMT"
"1970","TIPIN"
"1971","MRAP2A"
"1972","PDCD4B"
"1973","YWHAH"
"1974","SOX11A"
"1975","SH3BP5LA"
"1976","APLN"
"1977","ABHD4"
"1978","FBXO34"
"1979","LRATB"
"1980","ZIC3"
"1981","CAT"
"1982","BASP1"
"1983","DSN1"
"1984","ARMT1"
"1985","PNPLA6"
"1986","SI:CH73-92I20.1"
"1987","CALB1"
"1988","FGF12A"
"1989","RLTPR"
"1990","SI:CH211-114N24.7"
"1991","TEKT4"
"1992","CHRNB2B"
"1993","LAD1"
"1994","SI:CH211-247J9.1"
"1995","SI:DKEY-73N10.1"
"1996","HOXB6A"
"1997","PRPF40A"
"1998","IQCD"
"1999","TOLLIP"
"2000","RAB25B"
